{"cameraMode":{"drawMode":0,"name":"Shaded","section":"Shading Mode"},"sceneLighting":false,"audioPlay":false,"sceneViewState":{"m_AlwaysRefresh":false,"showFog":true,"showSkybox":false,"showFlares":true,"showImageEffects":true,"showParticleSystems":true,"showVisualEffectGraphs":true,"m_FxEnabled":true},"in2DMode":false,"pivot":{"x":5.0671586990356449,"y":2.0172946453094484,"z":5.728984832763672},"rotation":{"x":-0.02732596918940544,"y":-1.0012041330337525,"z":0.017787763848900796,"w":0.053975895047187808},"size":1.2297563552856446,"orthographic":false}