{"cameraMode":{"drawMode":0,"name":"Shaded","section":"Shading Mode"},"sceneLighting":false,"audioPlay":false,"sceneViewState":{"m_AlwaysRefresh":false,"showFog":true,"showSkybox":false,"showFlares":true,"showImageEffects":true,"showParticleSystems":true,"showVisualEffectGraphs":true,"m_FxEnabled":true},"in2DMode":false,"pivot":{"x":-64.79435729980469,"y":0.8404650688171387,"z":-2.8461837768554689},"rotation":{"x":-0.06013645976781845,"y":-0.5224940776824951,"z":-0.000534605176653713,"w":-0.8545085191726685},"size":110.78914642333985,"orthographic":false}