{"cameraMode":{"drawMode":0,"name":"Shaded","section":"Shading Mode"},"sceneLighting":false,"audioPlay":false,"sceneViewState":{"m_AlwaysRefresh":false,"showFog":true,"showSkybox":false,"showFlares":true,"showImageEffects":true,"showParticleSystems":true,"showVisualEffectGraphs":true,"m_FxEnabled":true},"in2DMode":false,"pivot":{"x":-452.01593017578127,"y":-46.15510940551758,"z":-594.2047119140625},"rotation":{"x":-0.020604168996214868,"y":-0.9585828185081482,"z":0.03589625656604767,"w":0.29290276765823367},"size":334.12799072265627,"orthographic":false}